,PLATFORM,DATE,WORK ORDER,ADDRESS,CITY,STATE,ZIP
0,CCS,Thu Jan  2 06:35:43 2020,1227192671,811 SW 6th Ave,Portland,OR,97204
0,CCS,Fri Jan  3 22:13:16 2020,1227198674,2000 SE Madison St,Portland,OR,97214
0,CCS,Tue Jan  7 19:08:41 2020,1220195615,2837 22nd St SE,Salem,OR,97302
0,Atlas,Wed Jan  8 19:43:18 2020,16079647,12000 SE 82nd Ave,Happy Valley,OR,97086
0,Atlas,Wed Jan  8 19:43:18 2020,1617433,7345 NE Butler St,Hillsboro,OR,97124
0,CCS,Fri Jan 10 06:36:25 2020,102202965,17704 Jean Way,Lake Oswego,OR,97035
0,BWIT,Fri Jan 10 06:36:25 2020,12020,9501 NE 19th Ave,Vancouver,WA,98664
0,CCS,Fri Jan 10 12:31:38 2020,107207474,3707 24th Ave,Forest Grove,OR,97116
0,CCS,Tue Jan 14 06:06:26 2020,108206826,925 NE Multnomah St,Portland,OR,97232
0,CCS,Wed Jan 15 21:11:24 2020,109204702,2015 NE 112th Ave,Vancouver,WA,98684
0,CCS,Wed Jan 15 21:11:24 2020,109203058,2015 NE 112th Ave,Vancouver,WA,98684
0,CCS,Wed Jan 15 21:11:24 2020,113203209,250 Church St SE,Salem,OR,97301
0,CCS,Wed Jan 15 21:11:24 2020,113203886,920 NE 58th Ave,Portland,OR,97213
0,CCS,Sat Jan 18 08:35:46 2020,113201684,201 NE Park Plaza Dr,Vancouver,WA,98684
0,CCS,Sat Jan 18 08:35:46 2020,109203455,2015 NE 112th Ave,Vancouver,WA,98684
0,CCS,Sat Jan 18 08:35:46 2020,109204089,2015 NE 112th Ave,Vancouver,WA,98684
0,Atlas,Wed Jan 22 17:22:04 2020,16105659,12000 SE 82nd Ave,Happy Valley,OR,97086
0,CCS,Wed Jan 22 17:22:04 2020,113201881,14400 N Rivergate Blvd,Portland,OR,97203
0,CCS,Fri Jan 24 14:02:01 2020,110205229,1561 Mount Hood Ave,Woodburn,OR,97071
0,CCS,Fri Jan 24 14:02:01 2020,1211197383,720 SW Washington St,Portland,OR,97205
0,CCS,Fri Jan 24 14:02:01 2020,120201830,3354 SE Division St,Portland,OR,97202
0,CCS,Wed Jan 29 06:03:08 2020,113206864,3309 NW Lower River Rd,Vancouver,WA,98660
0,Atlas,Wed Jan 29 06:03:08 2020,16074768,1800 McGilchrist St SE,Salem,OR,97302
0,CCS,Wed Jan 29 06:03:08 2020,124207020,5059 NE 122nd Ave ,Portland,OR,97230
0,CCS,Wed Jan 29 06:03:08 2020,120207385,2025 Northrup St,Portland,OR,97209
0,Field_Nation,Thur Jan 30 06:03:08 2020,7825293,5808 SW Beaverton Hillsdale Hwy,Portland,OR,97221
0,Field_Nation,Fri Jan 31 06:03:08 2020,7851963,5808 SW Beaverton Hillsdale Hwy,Portland,OR,97221
0,Atlas,Wed Feb  5 11:05:19 2020,16125119,4200 E Fourth Plain Blvd,Vancouver,WA,98661
0,Atlas,Wed Feb  5 11:05:19 2020,16125105,11374 SE 82nd Ave,Happy Valley,OR,97086
0,CCS,Wed Feb  5 11:05:19 2020,120208637,16353 SE Division St,Portland,OR,97236
0,Atlas,Wed Feb 12 06:55:23 2020,16134653,1800 Mcgilchrist St SE,Salem,OR,97302
0,Atlas,Wed Feb 12 06:55:23 2020,1617317,1950 NE Burnside St,Gresham,OR,97030
0,BWIT,Wed Feb 12 06:55:23 2020,INV2020213,9501 NE 19th Ave,Vancouver,WA,98665
0,Atlas,Sat Feb 22 09:15:08 2020,16137159,12455 SW Allen Blvd,Beaverton,OR,97005
0,Atlas,Sat Feb 22 09:15:08 2020,16135521,11820 NE 4th Plain Blvd,Vancouver,WA,98682
0,CCS,Sat Feb 22 09:15:08 2020,203206104,16701 SE McGillivray Blvd,Vancouver,WA,98683
0,CCS,Sat Feb 22 09:15:08 2020,212202831,9115 SW Oleson Rd,Portland,OR,97223
0,Atlas,Sat Feb 22 09:15:08 2020,16138559,2327 SE Tuallatin Valley Hwy,Hillsboro,OR,97123
0,Field_Nation,Sat Feb 22 09:15:08 2020,7923456,5808 SW Beaverton Hillsdale Hwy,Beaverton,OR,97221
0,CCS,Sat Feb 22 09:15:08 2020,129206837,1965 Lancaster Dr NE,Salem,OR,97305
0,Atlas,Sat Feb 22 09:15:08 2020,16166580,1001 Arney Rd,Woodburn,OR,97071
0,CCS,Sat Feb 22 09:15:08 2020,208204084,280 Liberty St SE,Salem,OR,97302
0,Atlas,Sat Feb 22 09:15:08 2020,1626658,2525 SW 1st Ave,Portland,OR,97201
0,Atlas,Mon Feb 22 09:15:08 2020,16167924,1001 Arney Rd,Woodburn,OR,97071
0,CCS,Tue Feb 22 09:15:08 2020,129207015,791 S Columbia River Hwy,Saint Helens,OR,97051
0,Atlas,Tue Feb 22 09:15:08 2020,16172600,1610 NW Frontage Rd,Troutdale,OR,97060
0,Atlas,Wed Feb 22 09:15:08 2020,16169240,1001 Arney Rd,Woodburn,OR,97071
0,Atlas,Wed Feb 22 09:15:08 2020,16172943,17959 SW Mcewan Rd,Portland,OR,97224
0,Atlas,Wed Feb 22 09:15:08 2020,16172929,17959 SW Mcewan Rd,Tigard,OR,97224
0,Field_Nation,Wed Feb  5 11:05:19 2020,7978001,5808 SW Beaverton Hillsdale Hwy,Beaverton,OR,97221
0,CCS,Wed Feb  5 11:05:19 2020,212201619,224 SW 1st Ave,Portland,OR,97204
0,Atlas,Wed Feb  5 11:05:19 2020,16186033,7705 SW Nyberg St,Tualatin,OR,97062
0,Field_Nation,Mon Mar  2 11:05:19 2020,7978001,5808 SW Beaverton Hillsdale Hwy,Beaverton,OR,97221
0,Field_Nation,Tue Mar  3 11:05:19 2021,7978002,5809 SW Beaverton Hillsdale Hwy,Beaverton,OR,97222
0,Field_Nation,Wed Mar  4 11:05:19 2022,7978003,5810 SW Beaverton Hillsdale Hwy,Beaverton,OR,97223
0,Field_Nation,Thu Mar  5 11:05:19 2023,7978004,5811 SW Beaverton Hillsdale Hwy,Beaverton,OR,97224
0,Field_Nation,Fri Mar  6 11:05:19 2024,7978005,5812 SW Beaverton Hillsdale Hwy,Beaverton,OR,97225
0,Field_Nation,Mon Mar  9 11:05:19 2025,7978006,5813 SW Beaverton Hillsdale Hwy,Beaverton,OR,97226
0,Field_Nation,Tue Mar  10 11:05:19 2026,7978007,5814 SW Beaverton Hillsdale Hwy,Beaverton,OR,97227
0,Field_Nation,Wed Mar  11 11:05:19 2027,7978008,5815 SW Beaverton Hillsdale Hwy,Beaverton,OR,97228
0,Field_Nation,Thu Mar  12 11:05:19 2028,7978009,5816 SW Beaverton Hillsdale Hwy,Beaverton,OR,97229
0,Field_Nation,Fri Mar  13 11:05:19 2029,7978010,5817 SW Beaverton Hillsdale Hwy,Beaverton,OR,97230
0,Field_Nation,Mon Mar  16 11:05:19 2030,7978011,5818 SW Beaverton Hillsdale Hwy,Beaverton,OR,97231
0,Field_Nation,Tue Mar  17 11:05:19 2031,7978012,5819 SW Beaverton Hillsdale Hwy,Beaverton,OR,97232
0,Field_Nation,Wed Mar  18 11:05:19 2032,7978013,5820 SW Beaverton Hillsdale Hwy,Beaverton,OR,97233
0,Field_Nation,Thu Mar  19 11:05:19 2033,7978014,5821 SW Beaverton Hillsdale Hwy,Beaverton,OR,97234
0,Field_Nation,Fri Mar  20 11:05:19 2034,7978015,5822 SW Beaverton Hillsdale Hwy,Beaverton,OR,97235
0,CCS,Mon Apr  6 16:06:02 2020,329205859,532 SE GRAND AVE,Portland,OR,97214
0,CCS,Mon Apr  6 16:06:02 2020,330208777,10601 SE 129th Ave,Happy Valley,OR,97086
0,BWIT,Mon Apr  6 16:19:30 2020,SO015, E Historic Columbia River Hwy,Troutdale,OR,97060
0,CCS,Tue Apr  7 15:29:29 2020,401203934,4350 Galewood St,Lake Oswego,OR,97035
0,CCS,Wed Apr  8 16:10:30 2020,401206140,2000 SW 1st Ave,Portland,OR,97201
0,CCS,Mon Apr 13 16:11:20 2020,410203508,2230 NW Pettygrove St,Portland,OR,97210
0,Field_Nation,Wed Apr 15 21:58:05 2020,8147899,222 SW Columbia St,Portland,OR,97201
0,CCS,Thu Apr 16 11:51:49 2020,410208214,3 Monroe Pkwy,Lake Oswego,OR,97035
0,CCS,Fri Apr 17 21:17:46 2020,413201493,10501 SE Main St,Milwaukie,OR,97222
0,CCS,Tue Apr 21 06:57:19 2020,406207541,2828 SW Corbett Ave,Portland,OR,97201
0,CCS,Thu Apr 23 18:06:05 2020,324205504,419 NW Broadway,Portland,OR,97209
0,CCS,Thu Apr 23 18:17:07 2020,324207183,8135 SE Division St,Portland,OR,97206
0,CCS,Fri Apr 24 15:12:49 2020,417205689,240 N Broadway St,Portland,OR,97227
0,CCS,Thu Apr 30 18:36:24 2020,427205926,2233 NW 22nd Ave,Portland,OR,97210
0,CCS,Fri May  1 12:09:05 2020,424207600,1040 NE 44th Ave,Portland,OR,97213
0,CCS,Mon May  4 12:16:58 2020,427206277,4305 NE Thurston Way,Vancouver,WA,98686
0,CCS,Tue May  5 15:11:24 2020,427203175,28602 Hwy 34,Corvallis,OR,97333
0,CCS,Tue May  5 15:14:50 2020,429209037,412 SW 12th Ave,Portland,OR,97205
0,CCS,Wed May  6 20:57:05 2020,430206217,2215 Broadway St,Vancouver,WA,98663
0,CCS,Thu May  7 16:00:19 2020,501201748,7720 NE Vancouver Mall Dr,Vancouver,WA,98662
0,CCS,Fri May  8 19:53:28 2020,504201111,4305 Thurston Way,Vancouver,WA,98686
0,CCS,Mon May 11 12:34:40 2020,427202411,920 NE Glisan St,Portland,OR,97232
0,Atlas,Thu May 14 10:41:29 2020,16261087,525 NE Grand Ave,Portland,OR,97232
0,CCS,Fri May 15 12:33:13 2020,513205823,7720 NE Vancouver Mall Dr,Vancouver,WA,98662
0,CCS,Mon May 18 13:54:39 2020,512309214,709 NE 136th Ave,Vancouver,WA,98684
0,CCS,Tue May 19 20:07:07 2020,511206725,7373 SE Milaukie Expy,Milwaukie,OR,97222
0,CCS,Tue May 19 20:08:59 2020,513208403,14610 SE Mill Plain,Vancouver,WA,98684
0,CCS,Wed May 20 14:44:24 2020,515209450,3303 N Mississippi Ave,Portland,OR,97227
0,CCS,Sat May 23 07:24:25 2020,515207647,2210 Madrona Ave,Salem,OR,97302
0,CCS,Tue May 26 11:45:34 2020,409205003,3000 SE Hidden Way,Vancouver,WA,98661
0,CCS,Wed May 27 12:23:27 2020,505203912,2000 SW 1st Ave,Portland,OR,97201
0,CCS,Fri May 29 07:03:16 2020,521203153,826 SW 2nd Ave,Portland,OR,97204
0,CCS,Mon Jun  1 18:39:57 2020,521205119,14330 S Maple Ln Ct,Oregon City,OR,97045
0,CCS,Wed Jun  3 18:03:30 2020,527209613,1624 NW Lovejoy St,Portland,OR,97209
0,CCS,Wed Jun  3 18:04:41 2020,527201589,920 NW 17th Ave,Portland,OR,97209
0,CCS,Thu Jun  4 16:30:30 2020,529201620,300 Ellsworth St SW,Albany,OR,97321
0,Atlas,Wed Jun 10 18:55:09 2020,1646652,1950 NE Burnside St,Gresham,OR,97030
0,CCS,Wed Jun 10 18:58:54 2020,603207879,2337 NW YORK ST,Portland,OR,97210
0,CCS,Wed Jun 10 19:01:20 2020,66209584,1818 SE 17TH ST,Battle Ground,WA,98604
0,CCS,Thu Jun 11 11:24:36 2020,417201754,7831 SE Lake Rd,Portland,OR,97267
0,CCS,Thu Jun 11 11:28:06 2020,609206819,2230 NW Pettygrove St,Portland,OR,97210
0,CCS,Mon Jun 15 09:56:42 2020,609204857,16325 Boones Ferry Rd,Lake Oswego,OR,97035
0,CCS,Wed Jun 17 05:04:04 2020,606206880,117 SE Taylor St,Portland,OR,97214
0,CCS,Fri Jun 19 06:33:30 2020,611208836,1205 Broadway St,Vancouver,WA,98660
0,CCS,Fri Jun 19 06:34:53 2020,616202405,225 SW Broadway,Portland,OR,97205
0,CCS,Fri Jun 19 06:37:23 2020,616201542,625 SW Broadway,Portland,OR,97205
0,CCS,Sat Jun 20 06:40:07 2020,615203669,12220 N Portland Rd,Portland,OR,97217
0,Atlas,Sat Jun 20 06:44:25 2020,16290053, 9508 SW WASHINGTON SQUARE RD,Portland,OR,97223
0,Atlas,Mon Jun 22 17:15:51 2020,16262319,2000 Baseline St,Cornelius,OR,97113
0,Atlas,Wed Jun 24 13:06:55 2020,16239380,8755 SW Robert Burns Dr,Wilsonville,OR,97070
0,Atlas,Thu Jun 25 17:03:25 2020,16244567,1102 SW Scotton Way,Battle Ground,WA,98604
0,CCS,Fri Jun 26 11:57:19 2020,622206906,750 Front St,Salem,OR,97301
0,CCS,Tue Jun 30 12:23:42 2020,623204290,1660 Silverton Rd,Woodburn,OR,97071
0,Field_Nation,Wed Jul  1 17:55:00 2020,8335042,1001 Arney Rd ,Woodburn,OR,97071
0,CCS,Thu Jul  2 15:05:37 2020,623205227,3303 N MISSISSIPPI AVEenter address,Portland,OR,97227
0,CCS,Thu Jul  2 15:09:05 2020,626205378,4411 NE Tillamook St,Portland,OR,97213
0,CCS,Fri Jul  3 18:24:21 2020,630201723,220 A Ave,Lake Oswego,OR,97034
0,CCS,Mon Jul  6 18:02:15 2020,623202758,2005 HYACINTH ST NE,Salem,OR,97301
0,CCS,Mon Jul  6 18:04:09 2020,630204150,13411 SE MILL PLAIN BLVD,Vancouver,WA,97684
0,Atlas,Tue Jul  7 14:31:14 2020,16299839,500 Triangel Center ,Longview,WA,98632
0,CCS,Thu Jul  9 05:22:55 2020,629202177,500 W 8th St,Vancouver,WA,98660
0,CCS,Thu Jul  9 05:26:09 2020,701208379,8614 E Mill Plain Blvd,Vancouver,WA,98664
0,Atlas,Sat Jul 11 10:19:15 2020,16301393,7545 NE Ambassador Pl,Portland,OR,97220
0,Atlas,Sat Jul 11 10:20:44 2020,16099219,7545 NE Ambassador Pl,Portland,OR,97220
0,Atlas,Tue Jul 14 06:54:31 2020,16301351,8901 NE Hazel Dell Ave,Vancouver,WA,98665
0,CCS,Tue Jul 14 06:55:45 2020,708207744,11211 SE 82nd Ave,Happy Valley,OR,97086
0,Atlas,Wed Jul 15 05:42:37 2020,16306496,4835 SW 77th Ave,Portland,OR,97225
0,CCS,Wed Jul 15 21:14:47 2020,630208073,510 SW 3RD AVE,Portland,OR,97204
0,Atlas,Wed Jul 15 21:17:47 2020,1653851,1950 NE Burnside St,Gresham,OR,97030
0,CCS,Thu Jul 16 16:29:43 2020,630208073,510 SW 3rd Ave,Portland,OR,97204
0,CCS,Thu Jul 16 16:31:12 2020,709206046,2728 N Jessup St,Portland,OR,97217
0,CCS,Thu Jul 16 16:31:12 2020,708208370,2728 N Jessup St,Portland,OR,97217
0,CCS,Thu Jul 16 16:31:12 2020,710208949,2728 N Jessup St,Portland,OR,97217
0,CCS,Fri Jul 17 15:08:41 2020,708206084,9900 SW Willshire St,Portland,OR,97225
0,CCS,Fri Jul 17 15:08:41 2020,715204290,5100 SW Macadam Ave,Portland,OR,97239
0,Atlas,Tue Jul 21 16:52:23 2020,16306125,8311 NE Highway 99,Vancouver,WA,98665
0,CCS,Tue Jul 21 16:52:23 2020,717205071,2035 NW Front Ave,Portland,OR,97209
0,Atlas,Thu Jul 23 06:12:03 2020,16306524,5795 Jean Rd,Lake Oswego,OR,97035
0,CCS,Thu Jul 23 06:12:03 2020,721205310,11211 SE 82nd Ave,Happy Valley,OR,97086
0,Atlas,Fri Jul 24 05:51:11 2020,16306608,3054 Lancaster Dr NE,Salem,OR,97305
0,CCS,Mon Jul 27 16:36:22 2020,722208451,3934 NE MLK Blvd,Portland,OR,97212
0,Atlas,Mon Jul 27 16:50:18 2020,1655177,1950 Burnside St,Gresham,OR,97030
0,Field_Nation,Tue Jul 28 18:29:36 2020,8441867,20533 Viking Ave NW,Poulsbo,WA,98370
0,CCS,Wed Jul 29 18:07:49 2020,723205576,965 LIBERTY ST SE,Salem,OR,97302
0,CCS,Wed Jul 29 18:07:49 2020,724202433,3300 NE 78TH AVE,Vancouver,WA,98665
0,Atlas,Thu Jul 30 10:44:45 2020,16333278,1090 North Pacific Hwy,Woodburn,OR,97071
0,CCS,Fri Jul 31 17:41:45 2020,727204440,14355 N BYBEE LAKE CT,Portland,OR,97203
0,CCS,Tue Aug  4 12:51:51 2020,727203482,1102 NW MARSHALL ST,Portland,OR,97209
0,CCS,Tue Aug  4 14:05:12 2020,731206588,627 South 37th St,Washougal,WA,98671
0,CCS,Wed Aug  5 13:30:57 2020,731208156,6135 NE 80th Ave,Portland,OR,97218
0,Atlas,Tue Aug 11 07:17:07 2020,16332655,7603 NE Vancouver Plaza Dr,Vancouver,WA,98662
0,Atlas,Tue Aug 11 12:53:46 2020,126176001,328 W. Main St,Hillsboro,OR,97123
0,Atlas,Thu Aug 13 13:51:33 2020,125700,275 NE 2nd Street,Gresham,OR,97030
0,Atlas,Mon Aug 24 17:23:39 2020,16317668,2401-B E Portland Rd,Newberg,OR,97132
0,BWIT,Mon Aug 24 17:26:30 2020,SO017,2005 SE 192nd Ave,Camas,WA,98607
0,Atlas,Tue Aug 25 12:55:22 2020,16345360,232 Kelso Dr.,Kelso,WA,98626
0,Atlas,Wed Aug 26 12:15:44 2020,16345374,2904 NE Burton Rd,Vancouver,WA,98662
0,Atlas,Mon Aug 31 13:45:52 2020,19335931,7329 SW Bridgeport Rd,Portland,OR,97224
0,Atlas,Tue Sep  1 14:01:25 2020,16321644,8700 NE Vancouver Mall Dr,Vancouver,WA,98662
0,Atlas,Fri Sep  4 14:25:31 2020,16348713,7603 NE Vancouver Plaza Dr,Vancouver,WA,98662
0,Atlas,Sat Sep 12 06:49:51 2020,16388970,7603 NE Vancouver Plaza Dr,Vancouver,WA,98662
0,BWIT,Sat Sep 12 06:49:51 2020,INV/2020/0005,7603 NE Vancouver Plaza Dr,Vancouver,WA,98664
0,Atlas,Tue Sep 15 06:32:38 2020,16365261,9426 SW Washington SQ Rd.,Portland,OR,97223
0,CCS,Wed Sep 23 06:19:33 2020,917201972,105 W Evergreen St,Vancouver,WA,98660
0,Work_Market,Wed Sep 23 06:19:33 2020,47430,18480 SW Pacific Dr,Tualatin,OR,97062
0,Field_Nation,Sun Sep 27 06:42:35 2020,8649682,8700 NE Vancouver Mall Dr,Vancouver,WA,98662
0,CCS,Mon Sep 28 16:15:46 2020,917201972,105 W Evergreen St,Vancouver,WA,98660
0,Atlas,Mon Sep 28 16:15:46 2020,1672154,1750  Hudson St,Longview,WA,98632
0,Atlas,Thu Oct  1 21:17:18 2020,16415031,912 Lloyd Center,Portland,OR,97232
0,Atlas,Mon Oct  5 15:06:31 2020,16426392,2510 Columbia House Blvd,Vancouver,WA,98661
0,Field_Nation,Wed Oct  7 14:59:35 2020,8711525,1630 Wood Ct,Hood River,OR,97031
0,Work_Market,Wed Oct 7  06:19:33 2020,47430,18480 SW Pacific Dr,Tualatin,OR,97062
0,Field_Nation,Wed Oct  7 14:59:35 2020,8741155,902 12th St,Hood River,OR,97031
0,Atlas,Fri Oct  9 11:18:31 2020,117766232,1270 NE Weilder St,Portland,OR,97232
0,Atlas,Tue Oct 13 12:57:36 2020,16437655,9716 SW Washington Square Rd,Tigard,OR,97223
0,CCS,Sat Oct 17 09:02:36 2020,1006208753,105 W Evergreen St,Vancouver,WA,98660
0,Atlas,Mon Oct 19 14:58:45 2020,16418237,3707 Ocean Beach Hwy,Longview,WA,98632
0,CCS,Wed Oct 21 05:33:11 2020,1009203152,5100 SW Macadam Ave,Portland,OR,97239
0,Atlas,Fri Oct 23 18:38:08 2020,146833001,8500 SW Creekside Place,Beaverton,OR,97008
0,Atlas,Fri Oct 23 18:38:08 2020,146833,8500 SW Creekside Place,Beaverton,OR,97008
0,Atlas,Tue Oct 27 17:08:12 2020,16405966,7545 NE Ambassador Place,Portland,OR,97220
0,CCS,Tue Oct 27 17:08:12 2020,1021209662,5100 SW Macadam Ave,Portland,OR,97239
0,CCS,Wed Oct 28 17:08:12 2020,917201972,105 W Evergreen St,Vancouver,WA,98661
0,Atlas,Fri Oct 30 18:38:08 2020,146833004,8500 SW Creekside Place,Beaverton,OR,97008
0,Atlas,Sat Oct 31 18:38:08 2020,146833006,8500 SW Creekside Place,Beaverton,OR,97008
0,CCS,Mon Nov  2 15:28:48 2020,1030209270,8705 NE 117th Ave,Vancouver,WA,98662
0,CCS,Thu Nov  5 17:10:30 2020,1103208403,8830 NE Alderwood Rd,Portland,OR,97220
0,Field_Nation,Fri Nov  6 11:28:01 2020,8919971,12302 NE Fourth Plain,Vancouver,WA,98682
0,Field_Nation,Mon Nov  9 13:24:41 2020,8893044,1900 Mcloughlin Blvd,Oregon City,OR,97045
0,Field_Nation,Tue Nov 10 11:19:50 2020,8893071,16320 SE Mill Plain Blvd,Vancouver,WA,98684
0,Field_Nation,Thu Nov 12 05:14:45 2020,8909775,34 NE Grand Ave ,Portland,OR,97232
0,Field_Nation,Thu Nov 12 05:14:45 2020,8910091,1345 Lewis St SE,Salem,OR,97302
0,CCS,Fri Nov 13 11:44:29 2020,1110207473,105 W Evergreen St,Vancouver,WA,98660
0,Techlink,Mon Nov 16 08:34:35 2020,206565,14707 NE 13th Ct,Vancouver,WA,98685
0,CCS,Wed Nov 18 17:15:30 2020,1117204684,8830 NE ALDERWOOD RD,Portland,OR,97220
