,PLATFORM,DATE,WORK ORDER,ADDRESS,CITY,STATE,ZIP
0,Atlas,Mon Jan 21 21:33:51 2019,15328820,1550 SE Discovery LN.,Warrenton,OR,97146
0,Atlas,Mon Jan 21 21:37:21 2019,15317340,11640 SW Corby Dr.,Portland,OR,97225
0,Atlas,Mon Jan 21 21:51:19 2019,15346922,760 Ocean Beach Hwy,Longview,WA,98632
0,Field_Nation,Mon Jan 21 22:11:18 2019,5482513,11945 SW Pacific Hwy,Tigard,OR,97223
0,Work_Market,Mon Jan 21 22:19:13 2019,525338,2660 NE 106th Ave,Hillsboro,OR,97124
0,Atlas,Mon Jan 21 22:27:07 2019,15335162,455 NW Oak Tree Ln.,Redmond,OR,97756
0,Atlas,Mon Jan 21 22:28:46 2019,15333713,7162 SW Bridgeport Rd,Tigard,OR,97224
0,Field_Nation,Mon Jan 21 22:29:59 2019,5970579,1498 SE Tech Center Pl.,Vancouver,WA,98683
0,Work_Market,Mon Jan 21 22:31:49 2019,7510544767,15011 N Lombard St.,Portland,OR,97203
0,Atlas,Mon Jan 21 22:33:24 2019,15279673,2225 NE Elrod Dr.,Portland,OR,97211
0,Atlas,Mon Jan 21 22:34:28 2019,15319356,1862 Baseline Rd.,Cornelius,OR,97113
0,Atlas,Mon Jan 21 22:35:52 2019,15240207,1691 N Hwy 99 W,Mcminnville,OR,97128
0,Atlas,Mon Jan 21 22:37:16 2019,15240214,1691 N Hwy 99 W,Mcminnville,OR,97128
0,Field_Nation,Mon Jan 21 22:43:30 2019,6057974,9501 NE 19th Ave,Vancouver,WA,98665
0,Field_Nation,Tue Jan 22 23:18:04 2019,6024313,4060 NE Highway 101,Lincoln City,OR,97367
0,Atlas,Wed Jan 23 15:49:50 2019,15342715,8854 SW Sunnyside Rd.,Portland,OR,97015
0,Atlas,Thu Jan 24 14:35:00 2019,15355070,5500 Olympic Dr,Gig Harbor,WA,98335
0,Atlas,Sun Jan 27 09:28:56 2019,1234567,1234 Baker Ave,Portland,OR,98765
0,Atlas,Mon Jan 28 16:11:25 2019,15357058,8184 NE State Hwy 104,Kingston,WA,98346
0,Field_Nation,Tue Jan 29 16:18:39 2019,6024273,4060 NE Highway 101,Lincoln City,OR,97367
0,Atlas,Mon Feb  4 19:13:00 2019,15361265,450 NW 257th Ave,Troutdale,OR,97060
0,Atlas,Mon Feb  4 19:17:07 2019,15377127,808 Ocean Beach Hwy,Longview,WA,98632
0,Atlas,Tue Feb  5 15:19:55 2019,15323773,310 W 11th Street,Vancouver,WA,98660
0,Atlas,Wed Feb  6 17:02:55 2019,52178-001,18070 NW Evergreen Pwy,Beaverton,OR,97006
0,Atlas,Thu Feb  7 13:34:13 2019,15376168,2951 NW Division St.,Gresham,OR,97030
0,Field_Nation,Sun Feb 10 19:32:42 2019,6128037,387 NE 223rd Ave,Gresham,OR,97030
0,CCS,Mon Feb 11 16:11:01 2019,205197753,12130 SE 82nd Ave,Happy Valley,OR,97086
0,CCS,Tue Feb 12 11:23:27 2019,205192244,9687 NE Cascades Pkwy,Portland,OR,97220
0,CCS,Thu Feb 14 11:32:09 2019,205192102,17015 SE Sunnyside Rd.,Happy Valley,OR,97015
0,Field_Nation,Fri Feb 15 17:53:42 2019,6158452,9501 NE 19th Ave,Vancouver,WA,98665
0,Field_Nation,Mon Feb 18 10:18:29 2019,6124945,710 SW Yamhill Street,Portland,OR,97205
0,CCS,Mon Feb 18 10:20:02 2019,212196670,9687 NE Cascades Pkwy,Portland,OR,97220
0,Atlas,Tue Feb 19 10:04:04 2019,15240235,2400 SE 165th Ave,Vancouver,WA,98683
0,Atlas,Tue Feb 19 10:05:04 2019,15240242,2400 SE 165th Ave,Vancouver,WA,98683
0,Field_Nation,Wed Feb 20 13:54:14 2019,6114631,9625 SW Washington Square Rd.,Tigard,OR,97223
0,Atlas,Wed Feb 20 13:55:33 2019,15405855,10215 SE Stark,Portland,OR,97216
0,Atlas,Thu Feb 21 10:31:26 2019,15398393,2951 NW Division St.,Gresham,OR,97030
0,Work_Market,Fri Feb 22 15:13:33 2019,529180,15509 NE Airport Way,Portland,OR,97230
0,Field_Nation,Mon Feb 25 18:38:41 2019,6202086,3280 NE Broadway,Portland,OR,97232
0,Field_Nation,Tue Feb 26 06:39:39 2019,6207874,747 NW 12th St.,Gresham,OR,97030
0,Work_Market,Tue Feb 26 14:56:18 2019,2067365364,111 SW 5th Ave,Portland,OR,97204
0,Field_Nation,Wed Feb 27 12:39:53 2019,6147778,29756 SW Town Center,Wilsonville,OR,97070
0,Field_Nation,Thu Feb 28 11:48:36 2019,6089825,10894 SE Oak St.,Milwaukie,OR,97222
0,Field_Nation,Mon Mar  4 19:53:21 2019,6218641,305 Liberty St,Salem,OR,97301
0,Work_Market,Mon Mar  4 19:55:20 2019,531009,912 E Simcoe Dr,Goldendale,WA,98620
0,Atlas,Tue Mar  5 18:41:05 2019,15336975,2245 NW Nicolai St,Portland,OR,97210
0,Field_Nation,Tue Mar  5 18:42:11 2019,6254957,9501 NE 19th Ave,Vancouver,WA,98665
0,Work_Market,Wed Mar  6 18:03:50 2019,530769,6416 NW Whitney Rd,Vancouver,WA,98665
0,Atlas,Fri Mar  8 06:37:19 2019,154388062,3350 NW Hwy 101,Lincoln City,OR,97367
0,Work_Market,Fri Mar  8 06:38:41 2019,6543019900,13001 NE Hwy 99,Vancouver,WA,98686
0,Field_Nation,Fri Mar  8 15:14:26 2019,6221562,19790 McLoughlin Blvd,Gladstone,OR,97027
0,Field_Nation,Mon Mar 11 17:54:26 2019,6089912,3264 NE Third Ave,Camas,WA,98607
0,Atlas,Mon Mar 11 17:55:26 2019,15436893,1014 E Wishkah St,Aberdeen,WA,98520
0,Atlas,Tue Mar 12 13:49:31 2019,15442241,3920 Rickey St SE,Salem,OR,97301
0,Work_Market,Thu Mar 14 06:32:22 2019,531010,912 E Simcoe Dr,Goldendale,WA,98620
0,Field_Nation,Thu Mar 14 06:33:42 2019,6089912,3264 NE Third Ave,Camas,WA,98607
0,Field_Nation,Thu Mar 14 06:34:59 2019,6289399,9501 NE 19th Ave,Vancouver,WA,98665
0,Field_Nation,Fri Mar 15 17:25:31 2019,6265103,387 NE 223rd Ave,Gresham,OR,97030
0,Atlas,Mon Mar 18 12:40:26 2019,15448135,2621 NE Broadway St,Portland,OR,97232
0,Work_Market,Mon Mar 18 19:43:27 2019,5208871040,15955 SW Boones Ferry Rd,Lake Oswego,OR,97035
0,Field_Nation,Wed Mar 20 13:29:43 2019,6264739,600 Triangle Center,Longview,WA,98632
0,Field_Nation,Thu Mar 21 20:34:15 2019,6326943,7000 NE Airport Way,Portland,OR,97220
0,Atlas,Thu Mar 21 20:34:15 2019,15452993,19265 SE Stark St,Portland,OR,97233
0,Field_Nation,Mon Mar 25 07:57:21 2019,6318522,21332 SW Langer Farms Pkwy,Sherwood,OR,97140
0,Atlas,Mon Mar 25 16:54:14 2019,15451922,8700 NE Vancouver Mall Dr,Vancouver,WA,98662
0,Field_Nation,Mon Mar 25 16:55:28 2019,6326874,11398 SE 82 Ave,Happy Valley,OR,97086
0,Atlas,Tue Mar 26 22:05:16 2019,15461953,200 N State St,Lake Oswego,OR,97034
0,Atlas,Tue Mar 26 22:08:35 2019,15472404,6617 NE 84th St,Vancouver,WA,98665
0,Atlas,Tue Mar 26 22:10:07 2019,56348-001,30020 SW Boones Ferry Rd,Wilsonville,OR,97070
0,CCS,Wed Mar 27 22:27:05 2019,318197680,1499 SE Tech Center Place,Vancouver,WA,98683
0,Atlas,Wed Mar 27 22:27:05 2019,15464186,12000 SE 82nd Ave,Portland,OR,97266
0,Atlas,Fri Mar 29 07:00:20 2019,15479894,530 SE 192nd Ave,Vancouver,WA,98683
0,Atlas,Sat Mar 30 22:38:35 2019,15461309,66 N 10th Ave,Cornelius,OR,97113
0,Field_Nation,Tue Apr  2 23:24:37 2019,6355801,11398 SE 82nd Ave,Happy Valley,OR,97086
0,Atlas,Tue Apr  2 23:24:37 2019,15482330,20160 SE McLoughlin Blvd,Gladstone,OR,97027
0,Techlink,Tue Apr  2 23:24:37 2019,131439,200 Triangle Ctr,Longview,WA,98632
0,Atlas,Thu Apr  4 14:32:14 2019,15484010,12000 SE 82nd Ave,Portland,OR,97266
0,Field_Nation,Thu Apr  4 14:32:14 2019,6313841,2100 8th Ct,West Linn,OR,97068
0,Work_Market,Thu Apr  4 14:32:14 2019,1327652638,8219 NE Vancouver Mall Dr,Vancouver,WA,98662
0,Atlas,Thu Apr  4 14:37:17 2019,15487594,20160 SE McLoughlin Blvd,Gladstone,OR,97027
0,Techlink,Thu Apr  4 15:45:06 2019,154893,12020 SE Division St,Portland,OR,97266
0,Atlas,Sat Apr  6 02:47:13 2019,15483590,1527 3rd Ave,Seattle,WA,98101
0,Atlas,Wed Apr 10 16:14:44 2019,15496568,8700 NE Vancouver Mall Dr,Vancouver,WA,98662
0,Atlas,Wed Apr 10 16:14:44 2019,15488679,3125 Kettle CT SE,Salem,OR,97301
0,Atlas,Fri Apr 12 06:35:41 2019,15495504,17629 Cedar Springs Lane,Arlington,OR,97812
0,Field_Nation,Fri Apr 12 06:35:41 2019,6423867,9501 NE 19th Ave,Vancouver,WA,98665
0,CCS,Sat Apr 13 07:28:55 2019,327197285,9125 SW Ridder Rd,Wilsonville,OR,97070
0,Field_Nation,Sat Apr 13 07:28:55 2019,6423867,9501 NE 19th Ave,Vancouver,WA,98665
0,Field_Nation,Mon Apr 15 22:12:51 2019,6430391,1040 Dougherty Drive NE,Castle Rock,WA,98611
0,Field_Nation,Tue Apr 16 20:15:25 2019,6435786,21332 SW Langer Farms Pkwy,Sherwood,OR,97140
0,Field_Nation,Thu Apr 18 12:18:52 2019,6439565,5205 NE 158th Ave,Portland,OR,97230
0,Atlas,Sat Apr 20 20:36:23 2019,15515209,12000 SE 82nd Ave,Portland,OR,97266
0,Atlas,Sat Apr 20 20:36:23 2019,15518849,12000 SE 82nd Ave,Portland,OR,97266
0,Field_Nation,Sat Apr 20 20:49:32 2019,6446648,2201 Lloyd Center,Portland,OR,97232
0,Atlas,Sun Apr 21 20:42:52 2019,15519115,2401 Portland Rd,Newberg,OR,97132
0,Field_Nation,Wed Apr 24 18:52:47 2019,6451206,4706 Portland Rd NE,Salem,OR,97305
0,Work_Market,Fri Apr 26 14:05:58 2019,6529149462,7301 NE 41st St,Vancouver,WA,98662
0,BWIT,Mon Apr 29 21:17:07 2019,12021277,31224 E. Historic Columbia,Troutdale,OR,97060
0,BWIT,Tue Apr 30 22:20:07 2019,12021277-SPS,31224 E. Historic Columbia,Troutdale,OR,97060
0,Atlas,Wed May  1 15:55:37 2019,15540780,1900 Mcloughlin Blvd,Oregon City,OR,97045
0,CCS,Sun May  5 20:29:50 2019,419198419,11505 NE Fourthplain Rd,Vancouver,WA,98662
0,Atlas,Mon May 13 11:42:40 2019,15544469,400 Merhar Ave,Fairbanks,AK,99701
0,Atlas,Mon May 13 11:42:40 2019,15555487,450 NW 257th Way,Troutdale,OR,97060
0,Field_Nation,Tue May 14 15:19:03 2019,6519287,11510 NE 112th Dr,Vancouver,WA,98662
0,Field_Nation,Tue May 14 15:19:03 2019,6547318,11398 SE 82nd Ave,Happy Valley,OR,97086
0,Atlas,Thu May 16 14:31:58 2019,15555536,1111 North Roosevelt Street,Seaside,OR,97138
0,Atlas,Thu May 16 14:31:58 2019,15561717,519 State Route 9 NE,Lake Stevens,WA,98258
0,Field_Nation,Thu May 16 14:31:58 2019,6570695,18250 NW Evergreen Pkwy,Beaverton,OR,97006
0,Atlas,Mon May 20 17:09:43 2019,15572735,7809 NE Vancouver Plaza Dr,Vancouver,WA,98662
0,Field_Nation,Tue May 21 22:10:03 2019,6583801,9501 NE 19th Ave,Vancouver,WA,98665
0,Techlink,Tue May 21 22:10:03 2019,131434,11505 NE Fourth Plain Blvd,Vancouver,WA,98662
0,Field_Nation,Fri May 24 22:20:23 2019,6553027,2060 HWY 101,Florence,OR,97439
0,Atlas,Fri May 24 22:20:23 2019,15558819,400 SW 6th Ave,Portland,OR,97204
0,Atlas,Fri May 24 22:20:23 2019,15576340,400 SW 6th Ave,Portland,OR,97204
0,Atlas,Fri May 24 22:26:21 2019,15567219,10727 SE 82nd Ave,Portland,OR,97086
0,Atlas,Fri May 24 22:26:21 2019,15577012,19526 Molalla Ave,Oregon City,OR,97045
0,Field_Nation,Mon May 27 17:30:28 2019,6586368,1520 Gateway Blvd,Cottage Grove,OR,97424
0,Atlas,Wed May 29 08:44:48 2019,15577852,8315 SW Jack Burns Blvd,Wilsonville,OR,97070
0,Field_Nation,Wed May 29 08:46:42 2019,6552553,11012 Pacific Ave S,Tacoma,WA,98444
0,Field_Nation,Wed May 29 08:46:42 2019,6604781,11012 Pacific Ave S,Tacoma,WA,98444
0,Atlas,Thu May 30 07:41:18 2019,15575577,2510 Columbia House Blvd,Vancouver,WA,98661
0,Atlas,Thu May 30 14:51:41 2019,15590004,11192 SW Barnes Rd,Portland,OR,97225
0,Atlas,Fri May 31 13:47:53 2019,15599594,5800 Meadows Rd,Lake Oswego,OR,97035
0,Field_Nation,Mon Jun  3 21:15:46 2019,6608755,26924 Maple Valley Hwy,Maple Valley,WA,98038
0,Field_Nation,Tue Jun  4 22:27:50 2019,6586013,12440 NE 144th St,Kirkland,WA,98034
0,Field_Nation,Thu Jun  6 12:49:24 2019,6586117,1520 Gateway Blvd,Cottage Grove,OR,97424
0,Field_Nation,Tue Jun 11 12:45:08 2019,6608726,26924 Maple Valley Hwy,Maple Valley,WA,98038
0,Field_Nation,Thu Jun 13 08:58:18 2019,6586504,12440 NE 144th St,Kirkland,WA,98034
0,Field_Nation,Fri Jun 14 18:49:26 2019,6625327,8924 34th Ave NE Quil Ceda Village,Marysville,WA,98271
0,Field_Nation,Thu Jun 20 09:38:34 2019,6637694,2904 Pampana St,Silverdale,WA,98315
0,Field_Nation,Thu Jun 20 09:38:34 2019,6637677,2904 Pampana St,Silverdale,WA,98315
0,Field_Nation,Thu Jun 20 09:38:34 2019,6650228,1900 314th St,Federal Way,WA,98003
0,Field_Nation,Fri Jun 21 20:02:09 2019,6625122,15975 SW Regatta Ln,Beaverton,OR,97006
0,Atlas,Fri Jun 21 20:02:09 2019,15634132,2020 NW Aloclek Dr,Hillsboro,OR,97124
0,Field_Nation,Tue Jun 25 01:41:46 2019,6720626,6325 Ulali Dr,Salem,OR,97303
0,Field_Nation,Tue Jun 25 01:41:46 2019,6741907,6002 100th St SW,Tacoma,WA,98499
0,Field_Nation,Thu Jun 27 12:54:48 2019,6751822,9501 NE 19th Ave,Vancouver,WA,98665
0,Field_Nation,Thu Jun 27 12:54:48 2019,6731381,305 NE Terry Ln,Grants Pass,OR,97756
0,Work_Market,Thu Jun 27 12:54:48 2019,546663,6416 Whitney Rd,Vancouver,WA,98665
0,Atlas,Fri Jun 28 15:42:25 2019,15627475,6011 NE Columbia Blvd,Portland,OR,97218
0,Atlas,Sat Jun 29 15:23:11 2019,15672821,1001 N Arney Rd,Woodburn,OR,97071
0,Field_Nation,Thu Jul  4 09:23:56 2019,6751750,17450 140th Ave NE,Woodinville,WA,98072
0,Atlas,Thu Jul  4 09:23:56 2019,15608057,1321 N Columbia Center Blvd,Kennewick,WA,99336
0,CCS,Thu Jul  4 09:23:56 2019,628196669,4101 NE  Division St,Gresham,OR,97030
0,Field_Nation,Thu Jul  4 09:23:56 2019,6751756,14507 Bothell Way NE,Shoreline,WA,98155
0,Atlas,Tue Jul  9 21:03:27 2019,15642637,2900 SE 164th Ave,Vancouver,WA,98683
0,Field_Nation,Tue Jul  9 21:09:43 2019,6751534,17450 140th Ave NE,Woodinville,WA,98072
0,Field_Nation,Tue Jul  9 21:09:43 2019,68110933,9412 NE 19th Ave,Vancouver,WA,98665
0,Atlas,Tue Jul  9 21:09:43 2019,15642644,15935 SW Regatta LN,Beaverton,OR,97006
0,Field_Nation,Fri Jul 12 16:38:42 2019,6751542,14507 Bothell Way NE,Shoreline,WA,98155
0,Field_Nation,Fri Jul 12 16:38:42 2019,6826201,13002 NE Highway 99,Vancouver,WA,98686
0,Atlas,Fri Jul 12 16:38:42 2019,15693730,3883 Commercial St SE,Salem,OR,97302
0,Atlas,Fri Jul 12 16:38:42 2019,15692932,700 SW 5th Ave,Portland,OR,97204
0,Field_Nation,Fri Jul 12 16:38:42 2019,6774419,12005 N Center Ave,Portland,OR,97217
0,Atlas,Tue Jul 16 06:15:21 2019,15651737,11490 SW Canyon Rd,Beaverton,OR,97005
0,Field_Nation,Wed Jul 17 06:18:21 2019,6826541,16975 Redmond Way,Redmond,WA,98052
0,Atlas,Thu Jul 18 17:23:14 2019,15652150,2402 SE Burnside Rd,Gresham,OR,97080
0,Atlas,Thu Jul 18 17:23:14 2019,15653718,2275 SE Tualatin Valley Hwy,Hillsboro,OR,97123
0,Work_Market,Wed Jul 24 06:34:05 2019,549277,6416 NW Whitney Rd,Vancouver,WA,98665
0,Field_Nation,Wed Jul 24 06:34:05 2019,6826541,16975 Redmond Way,Redmond,WA,98052
0,Field_Nation,Wed Jul 24 06:34:05 2019,6837316,401 S Grady Way,Renton,WA,98057
0,Field_Nation,Wed Jul 24 06:34:05 2019,6882256,2147 N Northgate Way,Seattle,WA,98133
0,Atlas,Wed Jul 24 06:34:05 2019,15652353,10213 NE Cascades Parkway,Portland,OR,97220
0,Atlas,Wed Jul 24 06:34:05 2019,15717040,2900 SE 164th Ave,Vancouver,WA,98683
0,Field_Nation,Fri Jul 26 07:08:13 2019,6826507,16975 Redmond Way,Redmond,WA,98052
0,Atlas,Fri Jul 26 07:08:13 2019,15653179,17799 SW 65th Ave,Lake Oswego,OR,97035
0,Atlas,Sat Jul 27 06:53:53 2019,15706974,1302 North I St.,Tacoma,WA,98403
0,Field_Nation,Sat Jul 27 06:53:53 2019,6879611,9412 NE 19th Ave,Vancouver,WA,98665
0,Atlas,Mon Jul 29 16:23:04 2019,15720316,7555 SW Hermoso Way,Tigard,OR,97223
0,Field_Nation,Mon Jul 29 16:24:17 2019,6879611,9412 NE 19th Ave,Vancouver,WA,98665
0,Field_Nation,Mon Jul 30 16:24:17 2019,6879611,9412 NE 19th Ave,Vancouver,WA,98665
0,Field_Nation,Wed Jul 31 08:48:24 2019,6837268,401 S Grady Way,Renton,WA,98057
0,Atlas,Wed Jul 31 08:48:24 2019,15653480,15009 SE Mcloughlin,Milwaukie,OR,97267
0,Field_Nation,Wed Jul 31 08:53:59 2019,6879611,9412 NE 19th Ave,Vancouver,WA,98665
0,Atlas,Wed Jul 31 19:50:47 2019,15657883,12000 SE 82nd Ave,Portland,OR,97266
0,Work_Market,Mon Aug  5 08:22:01 2019,549277,6416 NW Whitney Rd,Vancouver,WA,98665
0,Atlas,Mon Aug  5 08:22:01 2019,15733063,477 NW Phoenix Dr,Troutdale,OR,97060
0,Atlas,Mon Aug  5 20:00:07 2019,15692442,1020 SW 1st Ave,Canby,OR,97013
0,Field_Nation,Mon Aug  5 20:00:07 2019,6951871,9412 NE 19th Ave,Vancouver,WA,98665
0,Field_Nation,Wed Aug  7 07:41:05 2019,6870351,511 NE Garden Valley Blvd,Roseburg,OR,97470
0,Field_Nation,Sat Aug 10 15:58:59 2019,6951901,9412 NE 19th Ave,Vancouver,WA,98665
0,Field_Nation,Sat Aug 10 16:01:08 2019,6829205,1900 S 314TH ST,Federal Way,WA,98003
0,Field_Nation,Sat Aug 10 16:01:08 2019,Revisit,1900 S 314TH ST,Renton,WA,98057
0,Atlas,Sat Aug 10 16:01:08 2019,15740882, 6011 NE COLUMBIA BOULEVARD,Portland,OR,97218
0,Field_Nation,Tue Aug 13 18:02:35 2019,6951871,9412 NE 19th Ave,Vancouver,WA,98665
0,Field_Nation,Tue Aug 13 18:02:35 2019,6867497,511 NE Garden Valley Blvd,Roseburg,OR,97470
0,Atlas,Tue Aug 13 18:02:35 2019,15660809,6617 NE 84th St,Vancouver,WA,98665
0,Atlas,Wed Aug 14 20:39:21 2019,15750332,3180 W Clearwater Ave,Kennewick,WA,99336
0,Atlas,Wed Aug 14 20:39:21 2019,15750346,2580 Queensgate Dr,Richland,WA,99352
0,Atlas,Fri Aug 16 08:24:30 2019,15756044,1585 E. 13th Ave,Eugene,OR,97403
0,Field_Nation,Fri Aug 16 20:49:20 2019,7014366,9412 NE 19thAve,Vancouver,WA,98665
0,Field_Nation,Tue Aug 20 18:17:25 2019,6957515,2302 S 320th St,Federal Way,WA,98003
0,Atlas,Mon Aug 26 16:50:27 2019,15768693,21940 Pacific Hwy 99,Edmonds,WA,98026
0,Atlas,Mon Aug 26 16:50:27 2019,15763499,3938 Factoria Mall,Bellevue,WA,98006
0,Field_Nation,Mon Aug 26 16:50:27 2019,6957515,2137 N Northgate Way,Seattle,WA,98133
0,Atlas,Mon Aug 26 16:50:27 2019,15775819,9518 SW Washington Square Rd,Tigard,OR,97223
0,Field_Nation,Mon Aug 26 16:50:27 2019,6957488,2302 S 320th St,Federal Way,WA,98003
0,Field_Nation,Tue Aug 26 16:50:27 2019,7069305,9412 NE 19th Ave,Vancouver,WA,98665
0,Work_Market,Wed Aug 26 16:50:27 2019,547309,6416 NW Whitney Rd,Vancouver,WA,98665
0,Field_Nation,Thu Aug 26 16:50:27 2019,7043961,6002 100th St SW,Tacoma,WA,98499
0,Work_Market,Fri Aug 26 16:50:27 2019,547309,6416 NW Whitney Rd,Vancouver,WA,98665
0,Atlas,Mon Sep  3 18:57:51 2019,15776813,1895 SE Tualatin Valley Hwy,Hillsboro,OR,97123
0,Field_Nation,Tue Sep  4 18:57:51 2019,7034241,6002 100th St SW,Tacoma,WA,98499
0,Field_Nation,Wed Sep  5 18:57:51 2019,7112279,9412 NE 19th Ave,Vancouver,WA,98665
0,Work_Market,Thu Sep  6 18:57:51 2019,547309,6416 NW Whitney Rd,Vancouver,WA,98665
0,Atlas,Tue Sep 10 15:47:50 2019,15805226,30 NE Bend River Mall Dr.,Bend,OR,97701
0,Atlas,Fri Sep 20 06:33:27 2019,15820955,6150 E Lake Sammamish Pkwy SE,Issaquah,WA,98029
0,Field_Nation,Fri Sep 20 06:33:27 2019,7069305,9412 NE 19th Ave,Vancouver,WA,98665
0,Atlas,Fri Sep 20 06:33:27 2019,15786158,21320 SW Langer Farms Pkwy,Sherwood,OR,97140
0,Atlas,Fri Sep 20 06:33:27 2019,15812156,1895 SE Tualatin Valley Hwy,Hillsboro,OR,97123
0,Field_Nation,Fri Sep 20 06:33:27 2019,7112279,9412 NE 19th Ave,Vancouver,WA,98665
0,Atlas,Fri Sep 20 06:33:27 2019,15834059,5523 NE Huffman St,Hillsboro,OR,97124
0,Atlas,Fri Sep 20 06:33:27 2019,15829852,526 SE 192nd Ave,Vancouver,WA,98683
0,Field_Nation,Fri Sep 20 06:33:27 2019,7064884,10125 SE 256TH ST,Kent,WA,98030
0,Work_Market,Fri Sep 20 06:33:27 2019,547309,6416 NW Whitney Rd,Vancouver,WA,98665
0,Atlas,Fri Sep 20 06:33:27 2019,15839862,575 Trosper Rd SW,Tumwater,WA,98512
0,Field_Nation,Sun Sep 22 20:46:36 2019,7187591,9412 NE 19th Ave,Vancouver,WA,98665
0,Atlas,Sun Sep 29 18:10:53 2019,15842284,1550 SE Discovery Ln,Warrenton,OR,97146
0,Field_Nation,Sun Sep 29 18:10:53 2019,7064741,10125 SE 256th St,Kent,WA,98030
0,Atlas,Sun Sep 29 18:10:53 2019,15841955,One Bellis Fair Parkway,Bellingham,WA,98226
0,Field_Nation,Sun Oct  6 20:24:16 2019,7239298,11211 SE 82nd Ave,Clackamas,OR,97086
0,Field_Nation,Sun Oct  6 20:24:16 2019,7237108,20533 Viking Ave NW,Poulsbo,WA,98370
0,Field_Nation,Sun Oct  6 20:24:16 2019,7239299,18057 NW Evergreen Pkwy,Beaverton,OR,97006
0,Field_Nation,Sun Oct  6 20:24:16 2019,7233840,3255 SW Cedar Hills Blvd,Beaverton,OR,97005
0,Atlas,Sun Oct  6 20:24:16 2019,15870277,201 NE Park Plaza Dr,Vancouver,WA,98684
0,Field_Nation,Sun Oct  6 20:24:16 2019,7244194,1601 NW Louisiana Ave,Chehalis,WA,98532
0,Atlas,Fri Oct 11 08:05:49 2019,15809237,6011 NE Columbia Blvd,Portland,OR,97218
0,Atlas,Fri Oct 11 08:05:49 2019,15877760,6011 NE Columbia Blvd,Portland,OR,97218
0,Atlas,Fri Oct 11 08:05:49 2019,15885159,4650 SW Pacific Ave,Beaverton,OR,97005
0,Atlas,Fri Oct 11 08:10:28 2019,15875702,7321 E Trent,Spokane,WA,99212
0,Field_Nation,Sun Oct 20 09:04:48 2019,7191780,2415 NW Kings Blvd,Corvallis,OR,97330
0,Atlas,Sun Oct 20 09:04:48 2019,15836845,4735 E. Marginal Way South,Seattle,WA,98134
0,Atlas,Sun Oct 20 09:04:48 2019,15906551,2002 NW Stucki Ave,Hillsboro,OR,97124
0,BWIT,Sun Oct 20 09:04:48 2019,SO012,31224 E Historic Columbia,Troutdale,OR,97060
0,Field_Nation,Sun Oct 20 09:04:48 2019,7191496,1001 Arney Rd.,Woodburn,OR,97071
0,Atlas,Sun Oct 20 09:04:48 2019,15848367,6915 SW Macadam Ave,Portland,OR,97219
0,Atlas,Sun Oct 20 09:04:48 2019,15896114,7545 NE Ambasador Place,Portland,OR,97220
0,Field_Nation,Sun Oct 20 09:04:48 2019,7191783,401 Center St. NE,Salem,OR,97301
0,Atlas,Sun Oct 20 09:04:48 2019,15888967,14614 SE 82nd Dr.,Clackamas,OR,97015
0,Atlas,Tue Oct 22 10:19:11 2019,15893223,3602 S Cedar St.,Tacoma,WA,98409
0,Atlas,Mon Oct 28 05:55:20 2019,15889037,1250 Atlantic Ave,Woodland,WA,98674
0,Field_Nation,Mon Oct 28 05:55:20 2019,7368634,9501 NE 19th Ave,Vancouver,WA,98664
0,Atlas,Mon Oct 28 05:55:20 2019,15889044,524 3rd Ave,Longview,WA,98632
0,Atlas,Thu Oct 31 18:49:01 2019,15889205,18098 SW Lower Boones Ferry Rd,Tualatin,OR,97224
0,Atlas,Thu Oct 31 18:49:01 2019,15889212,3053 NW 29th Ave,Portland,OR,97210
0,Atlas,Thu Oct 31 18:49:01 2019,15908392,21320 SW Langer Farms Parkway,Sherwood,OR,97140
0,Atlas,Thu Oct 31 18:49:01 2019,15834143,21320 SW Langer Farms Parkway,Sherwood,OR,97140
0,Atlas,Thu Oct 31 18:49:01 2019,15938807,1844 S Burlington Blvd,Burlington,WA,98233
0,Atlas,Sat Nov 16 11:09:35 2019,15905060,2397 SE Dolphine Ave,Warrenton,OR,97146
0,Field_Nation,Sat Nov 16 11:09:35 2019,7434558,9518 SW Washington Dr,Portland,OR,97223
0,Field_Nation,Sat Nov 16 11:09:35 2019,7434656,801 SW 5th Ave,Portland,OR,97204
0,Field_Nation,Sat Nov 16 11:09:35 2019,7434644,9508 SW Washington Dr,Portland,OR,97223
0,Atlas,Sat Nov 16 11:09:35 2019,15905046,1330 Tucker Rd,Hood River,OR,97031
0,Atlas,Sat Nov 16 11:09:35 2019,15936623,1014 South 3rd Ave,Yakima,WA,98902
0,Atlas,Sat Nov 16 11:09:35 2019,15955803,22352 Park Lane,Wood Village,OR,97060
0,BWIT,Sat Nov 16 11:09:35 2019,SO13,2701 NW Vaughn St,Portland,OR,97210
0,Field_Nation,Sat Nov 16 11:09:35 2019,7473279,4420 Meridian St,Bellingham,WA,98226
0,Atlas,Sat Nov 16 11:09:35 2019,15905249,1820 1/2 W 2nd St,The Dalles,OR,97058
0,Atlas,Sat Nov 16 11:09:35 2019,113093, 760 SW 9th Avenue,Portland,OR,97205
0,CCS,Sat Nov 16 11:09:35 2019,1114191259,4212 NE Halsey St.,Portland,OR,97213
0,CCS,Sat Nov 16 11:09:35 2019,1108196319,700 NE Multnomah,Portland,OR,97232
0,Atlas,Tue Nov 19 16:24:37 2019,15905333,16500 SE 362nd Dr.,Sandy,OR,97055
0,Atlas,Mon Nov 25 12:12:51 2019,15973457,4117B NE Minnehaha St,Vancouver,WA,98661
0,Atlas,Mon Nov 26 12:12:51 2019,15982921,4124 SE 82nd Ave,Portland,OR,97266
0,Atlas,Mon Nov 27 12:12:51 2019,15999294,2210 Mollala Ave,Oregon City,OR,97045
0,Atlas,Thu Dec 12 20:46:09 2019,15954081,9375 SW Commerce Circle,Wilsonville,OR,97070
0,CCS,Thu Dec 12 20:46:09 2019,1202198098,1245 Lovejoy St,Portland,OR,97209
0,Atlas,Thu Dec 12 20:46:09 2019,16003494,900 nw 4th St,Corvallis,OR,97330
0,CCS,Thu Dec 12 20:46:09 2019,1202191255,310 N State St,Portland,OR,97034
0,CCS,Thu Dec 12 20:46:09 2019,1202196494,17544 SE Stark St,Portland,OR,97233
0,CCS,Thu Dec 12 20:46:09 2019,1202195426,7831 SE Stark St,Portland,OR,97215
0,CCS,Thu Dec 12 20:46:09 2019,1202195444,2117 NE Oregon St,Portland,OR,97232
0,CCS,Thu Dec 12 20:46:09 2019,1203198699,9447 NE Colfax St,Portland,OR,97220
0,CCS,Thu Dec 12 20:46:09 2019,1205192273,5417 NE 148th Ave,Portland,OR,97230
0,CCS,Thu Dec 12 21:11:23 2019,1205196587,4706 SE 18th Ave,Portland,OR,97202
0,CCS,Thu Dec 12 21:11:23 2019,1206192515,620 SW Main St,Portland,OR,97205
0,CCS,Thu Dec 12 21:11:23 2019,1206194392,3401 SE 192nd Ave,Vancouver,WA,98683
0,Atlas,Thu Dec 12 21:11:23 2019,16023752,2210 Molalla Ave,Oregon City,OR,97045
0,CCS,Fri Dec 13 21:11:10 2019,,NW Raleigh Street,Portland,OR,97045
0,CCS,Fri Dec 13 21:11:10 2019,,1130 NW 22nd Ave,Portland,OR,97210
0,CCS,Fri Dec 16 21:11:10 2019,,21420 Salamo Rd,West Linn,OR,97068
0,Atlas,Fri Dec 16 21:11:10 2019,,12658 SW North Dakota St,Tigard,OR,97223
0,CCS,Fri Dec 17 21:11:10 2019,,201 B Ave,Lake Oswego,OR,97034
0,CCS,Fri Dec 17 21:11:10 2019,,210 NW 1st Ave,Portland,OR,97209
0,Atlas,Fri Dec 18 21:11:10 2019,,9730 SW Hillman CT,Wilsonville,OR,97070
0,CCS,Fri Dec 19 21:11:10 2019,,13515 SW Millikan Way,Beaverton,OR,97005
0,CCS,Fri Dec 20 21:11:10 2019,,17704 Jean Way,Lake Oswego,OR,97035
0,Atlas,Mon Dec 23 15:32:12 2019,16024067,2757 6th Ave S,Seattle,WA,98674
0,Atlas,Mon Dec 23 23:48:31 2019,16024067,2757 6th Ave S,Seattle,WA,98674
0,CCS,Sun Dec 29 07:01:26 2019,,17704 Jean Way,Lake Oswego,OR,97035
0,Atlas,Sun Dec 29 07:11:55 2019,16048966,4124 SE 82nd Ave,Portland,OR,97266
0,Atlas,Mon Dec 30 19:04:45 2019,16041875,1800 Mcgilchrist St SE,Salem,OR,97302
0,CCS,Thu Jan  2 06:35:43 2020,1227192671,811 SW 6th Ave,Portland,OR,97204
